,country,continent,population,day,active_cases,critical_cases,total_cases,recovered_cases,1M_pop_cases,1M_pop_deaths,total_deaths,1M_pop_tests,total_tests
0,Afghanistan,Asia,40754388.0,2025-07-28,15098.0,55.32692307692308,234174.0,211080.0,5746.0,196.0,7996.0,34125.0,1390730.0
1,Albania,Europe,2866374.0,2025-07-28,1025.0,55.32692307692308,334863.0,330233.0,116825.0,1258.0,3605.0,677173.0,1941032.0
2,Algeria,Africa,45350148.0,2025-07-28,82068.0,55.32692307692308,272010.0,183061.0,5998.0,152.0,6881.0,5093.0,230960.0
3,Andorra,Europe,77463.0,2025-07-28,33602.818681318684,55.32692307692308,48015.0,3097055.0276243095,619844.0,2130.0,165.0,3225256.0,249838.0
4,Angola,Africa,35027343.0,2025-07-28,1971.0,55.32692307692308,107327.0,103419.0,3064.0,55.0,1937.0,42818.0,1499795.0
5,Anguilla,North-America,15230.0,2025-07-28,33602.818681318684,55.32692307692308,3904.0,3097055.0276243095,256336.0,788.0,12.0,3373736.0,51382.0
6,Antigua-and-Barbuda,North-America,99509.0,2025-07-28,6.0,55.32692307692308,9106.0,8954.0,91509.0,1467.0,146.0,189943.0,18901.0
7,Argentina,South-America,46010234.0,2025-07-28,746.0,55.32692307692308,10128845.0,9997258.0,220143.0,2844.0,130841.0,776264.0,35716069.0
8,Armenia,Asia,2971966.0,2025-07-28,7892.0,55.32692307692308,451831.0,435162.0,152031.0,2953.0,8777.0,1091164.0,3242901.0
9,Aruba,North-America,107609.0,2025-07-28,1494.0,2.0,44224.0,42438.0,410969.0,2714.0,292.0,1653068.0,177885.0
10,Australia,Oceania,26068792.0,2025-07-28,8716.0,3.0,11853144.0,11820014.0,454687.0,937.0,24414.0,3142326.0,81916639.0
11,Austria,Europe,9066710.0,2025-07-28,3811.0,55.32692307692308,6081287.0,6054934.0,670727.0,2486.0,22542.0,23302116.0,211273524.0
12,Azerbaijan,Asia,10300205.0,2025-07-28,745.0,55.32692307692308,835234.0,824089.0,81089.0,1010.0,10400.0,752223.0,7748050.0
13,Bahamas,North-America,400516.0,2025-07-28,874.0,1.0,38084.0,36366.0,95087.0,2107.0,844.0,643767.0,257839.0
14,Bahrain,Asia,1783983.0,2025-07-28,60.0,55.32692307692308,729549.0,727915.0,408944.0,882.0,1574.0,6137138.0,10948549.0
15,Bangladesh,Asia,167885689.0,2025-07-28,33602.818681318684,55.32692307692308,2049377.0,3097055.0276243095,12207.0,176.0,29493.0,90862.0,15254399.0
16,Barbados,North-America,288023.0,2025-07-28,1283.0,55.32692307692308,110578.0,108647.0,383921.0,2250.0,648.0,2826715.0,814159.0
17,Belarus,Europe,9432800.0,2025-07-28,1327.0,55.32692307692308,994037.0,985592.0,105381.0,755.0,7118.0,1446722.0,13646641.0
18,Belgium,Europe,11668278.0,2025-07-28,521.0,55.32692307692308,4861695.0,4826798.0,416659.0,2946.0,34376.0,3209915.0,37454182.0
19,Belize,North-America,412190.0,2025-07-28,33602.818681318684,55.32692307692308,71409.0,3097055.0276243095,173243.0,1669.0,688.0,1397453.0,576016.0
20,Benin,Africa,12784726.0,2025-07-28,26.0,55.32692307692308,28036.0,27847.0,2193.0,13.0,163.0,47268.0,604310.0
21,Bermuda,North-America,61939.0,2025-07-28,10.0,55.32692307692308,18860.0,18685.0,304493.0,2664.0,165.0,16622128.0,1029558.0
22,Bhutan,Asia,787941.0,2025-07-28,1112.0,55.32692307692308,62697.0,61564.0,79571.0,27.0,21.0,2923739.0,2303734.0
23,Bolivia,South-America,11992656.0,2025-07-28,12579.0,220.0,1212131.0,1177145.0,101073.0,1868.0,22407.0,225993.0,2710261.0
24,Bosnia-and-Herzegovina,Europe,3249317.0,2025-07-28,8143.0,55.32692307692308,403615.0,379084.0,124215.0,5044.0,16388.0,580036.0,1884721.0
25,Botswana,Africa,2441162.0,2025-07-28,788.0,1.0,330638.0,327049.0,135443.0,1147.0,2801.0,830300.0,2026898.0
26,Brazil,South-America,215353593.0,2025-07-28,1783377.0,55.32692307692308,38743918.0,36249161.0,179908.0,3303.0,711380.0,296146.0,63776166.0
27,British-Virgin-Islands,North-America,30596.0,2025-07-28,33602.818681318684,55.32692307692308,7392.0,3097055.0276243095,241600.0,2092.0,64.0,3508269.0,107339.0
28,Brunei,Asia,445431.0,2025-07-28,99893.0,3.0,343719.0,243601.0,771655.0,505.0,225.0,1611437.0,717784.0
29,Bulgaria,Europe,6844597.0,2025-07-28,8159.0,22.0,1339851.0,1292944.0,195753.0,5661.0,38748.0,1705147.0,11671043.0
30,Burkina-Faso,Africa,22102838.0,2025-07-28,118.0,55.32692307692308,22114.0,21596.0,1001.0,18.0,400.0,11265.0,248995.0
31,Burundi,Africa,12624840.0,2025-07-28,1114.0,55.32692307692308,54721.0,53569.0,4334.0,3.0,38.0,27386.0,345742.0
32,Cabo-Verde,Africa,567678.0,2025-07-28,305.0,23.0,64477.0,63755.0,113580.0,735.0,417.0,707482.0,401622.0
33,Cambodia,Asia,17168639.0,2025-07-28,3.0,55.32692307692308,139103.0,136044.0,8102.0,178.0,3056.0,180062.0,3091420.0
34,Cameroon,Africa,27911548.0,2025-07-28,125.0,55.32692307692308,125379.0,123280.0,4492.0,71.0,1974.0,62762.0,1751774.0
35,Canada,North-America,38388419.0,2025-07-28,5744.0,99.0,4946090.0,4881312.0,128843.0,1538.0,59034.0,1734189.0,66572774.0
36,CAR,Africa,5016678.0,2025-07-28,127.0,2.0,15440.0,15200.0,3078.0,23.0,113.0,16205.0,81294.0
37,Caribbean-Netherlands,North-America,26647.0,2025-07-28,1168.0,55.32692307692308,11682.0,10476.0,438398.0,1426.0,38.0,1130559.0,30126.0
38,Cayman-Islands,North-America,67277.0,2025-07-28,22882.0,1.0,31472.0,8553.0,467797.0,550.0,37.0,3311280.0,222773.0
39,Chad,Africa,17413580.0,2025-07-28,2633.0,55.32692307692308,7701.0,4874.0,442.0,11.0,194.0,10988.0,191341.0
40,Channel-Islands,Europe,176463.0,2025-07-28,168.0,55.32692307692308,101717.0,101321.0,576421.0,1292.0,228.0,7099551.0,1252808.0
41,Chile,South-America,19250195.0,2025-07-28,67906.0,7.0,5384853.0,5252450.0,279730.0,3350.0,64497.0,2617225.0,50382097.0
42,China,Asia,1448471400.0,2025-07-28,118977.0,55.32692307692308,503302.0,379053.0,347.0,4.0,5272.0,110461.0,160000000.0
43,Colombia,South-America,51512762.0,2025-07-28,44821.0,342.0,6400173.0,6212152.0,124244.0,2780.0,143200.0,717327.0,36951507.0
44,Comoros,Africa,907419.0,2025-07-28,9.0,55.32692307692308,9109.0,8939.0,10038.0,177.0,161.0,2155977.8779342724,32988287.854460094
45,Congo,Africa,5797805.0,2025-07-28,983.0,55.32692307692308,25375.0,24006.0,4377.0,67.0,386.0,59991.0,347815.0
46,Cook-Islands,Oceania,17571.0,2025-07-28,51.0,55.32692307692308,7203.0,7150.0,409937.0,114.0,2.0,1120596.0,19690.0
47,Costa-Rica,North-America,5182354.0,2025-07-28,33602.818681318684,55.32692307692308,1238883.0,3097055.0276243095,239058.0,1819.0,9428.0,899158.0,4659757.0
48,Croatia,Europe,4059286.0,2025-07-28,32609.0,55.32692307692308,1309728.0,1258432.0,322650.0,4604.0,18687.0,1394355.0,5660084.0
49,Cuba,North-America,11305652.0,2025-07-28,61.0,55.32692307692308,1115251.0,1106660.0,98645.0,754.0,8530.0,1273936.0,14402674.0
50,Cura&ccedil;ao,North-America,165529.0,2025-07-28,971.0,3.0,45986.0,44720.0,277812.0,1782.0,295.0,3000640.0,496693.0
51,Cyprus,Asia,1223387.0,2025-07-28,0.0,55.32692307692308,681110.0,679745.0,556741.0,1116.0,1365.0,7879860.0,9640118.0
52,Czechia,Europe,10736784.0,2025-07-28,318.0,2.0,4759041.0,4715206.0,443246.0,4053.0,43517.0,5386552.0,57834241.0
53,Denmark,Europe,5834950.0,2025-07-28,0.0,55.32692307692308,3183756.0,3174942.0,545636.0,1511.0,8814.0,22165247.0,129333107.0
55,Djibouti,Africa,1016097.0,2025-07-28,74.0,55.32692307692308,15690.0,15427.0,15441.0,186.0,189.0,301094.0,305941.0
56,Dominica,North-America,72344.0,2025-07-28,0.0,55.32692307692308,16038.0,15964.0,221691.0,1023.0,74.0,3170187.0,229344.0
57,Dominican-Republic,North-America,11056370.0,2025-07-28,190.0,4.0,675890.0,671316.0,61131.0,397.0,4384.0,338350.0,3740928.0
58,DPRK,Asia,25990679.0,2025-07-28,0.0,55.32692307692308,4772813.0,4772739.0,183636.0,3.0,74.0,2155977.8779342724,32988287.854460094
59,DRC,Africa,95240792.0,2025-07-28,13381.0,55.32692307692308,99338.0,84489.0,1043.0,15.0,1468.0,8890.0,846704.0
60,Ecuador,South-America,18113361.0,2025-07-28,0.0,55.32692307692308,1070188.0,1034145.0,59083.0,1990.0,36043.0,170173.0,3082403.0
61,Egypt,Africa,106156692.0,2025-07-28,49228.0,122.0,516023.0,442182.0,4861.0,232.0,24613.0,34792.0,3693367.0
62,El-Salvador,North-America,6550389.0,2025-07-28,18215.0,55.32692307692308,201855.0,179410.0,30816.0,646.0,4230.0,398467.0,2610114.0
63,Equatorial-Guinea,Africa,1496662.0,2025-07-28,139.0,5.0,17229.0,16907.0,11512.0,122.0,183.0,244342.0,365697.0
64,Eritrea,Africa,3662244.0,2025-07-28,0.0,55.32692307692308,10189.0,10086.0,2782.0,28.0,103.0,6470.0,23693.0
65,Estonia,Europe,1321910.0,2025-07-28,33602.818681318684,55.32692307692308,628070.0,3097055.0276243095,475123.0,2270.0,3001.0,5271239.0,6968103.0
66,Eswatini,Africa,1184817.0,2025-07-28,648.0,55.32692307692308,75191.0,73116.0,63462.0,1204.0,1427.0,885119.0,1048704.0
67,Ethiopia,Africa,120812698.0,2025-07-28,5412.0,55.32692307692308,501157.0,488171.0,4148.0,63.0,7574.0,46066.0,5565340.0
68,Faeroe-Islands,Europe,49233.0,2025-07-28,33602.818681318684,55.32692307692308,34658.0,3097055.0276243095,703959.0,569.0,28.0,15802409.0,778000.0
69,Falkland-Islands,South-America,3539.0,2025-07-28,0.0,55.32692307692308,1930.0,1930.0,545352.0,1277.3482142857142,31297.616071428572,2439107.0,8632.0
70,Fiji,Oceania,909466.0,2025-07-28,1006.0,55.32692307692308,69117.0,67226.0,75997.0,973.0,885.0,739866.0,672883.0
71,Finland,Europe,5554960.0,2025-07-28,170.0,55.32692307692308,1516117.0,1503989.0,272930.0,2153.0,11958.0,2179850.0,12108977.0
72,France,Europe,65584518.0,2025-07-28,0.0,55.32692307692308,40138560.0,39970918.0,612013.0,2556.0,167642.0,4139547.0,271490188.0
73,French-Guiana,South-America,314169.0,2025-07-28,86367.0,6.0,98041.0,11254.0,312065.0,1337.0,420.0,2072951.0,651257.0
74,French-Polynesia,Oceania,284164.0,2025-07-28,33602.818681318684,55.32692307692308,79254.0,3097055.0276243095,278902.0,2287.0,650.0,2155977.8779342724,32988287.854460094
75,Gabon,Africa,2331533.0,2025-07-28,70.0,55.32692307692308,49051.0,48674.0,21038.0,132.0,307.0,695641.0,1621909.0
76,Gambia,Africa,2558482.0,2025-07-28,65.0,55.32692307692308,12626.0,12189.0,4935.0,145.0,372.0,60851.0,155686.0
77,Georgia,Asia,3968738.0,2025-07-28,33602.818681318684,55.32692307692308,1861665.0,3097055.0276243095,469082.0,4317.0,17132.0,4263340.0,16920079.0
78,Germany,Europe,83883596.0,2025-07-28,405368.0,55.32692307692308,38828995.0,38240600.0,462891.0,2182.0,183027.0,1458359.0,122332384.0
79,Ghana,Africa,32395450.0,2025-07-28,2.0,55.32692307692308,171889.0,170425.0,5306.0,45.0,1462.0,78456.0,2541625.0
80,Gibraltar,Europe,33704.0,2025-07-28,33602.818681318684,55.32692307692308,20550.0,3097055.0276243095,609720.0,3353.0,113.0,15852213.0,534283.0
81,Greece,Europe,10316637.0,2025-07-28,33602.818681318684,55.32692307692308,6101379.0,3097055.0276243095,591412.0,3671.0,37869.0,9909078.0,102228365.0
82,Greenland,North-America,56973.0,2025-07-28,9189.0,4.0,11971.0,2761.0,210117.0,369.0,21.0,2894810.0,164926.0
83,Grenada,North-America,113475.0,2025-07-28,97.0,4.0,19693.0,19358.0,173545.0,2097.0,238.0,1612523.0,182981.0
84,Guadeloupe,North-America,399794.0,2025-07-28,33602.818681318684,55.32692307692308,203235.0,3097055.0276243095,508349.0,2554.0,1021.0,2346306.0,938039.0
85,Guatemala,North-America,18584039.0,2025-07-28,1113.0,5.0,1291293.0,1269891.0,69484.0,1092.0,20289.0,408622.0,7593848.0
86,Guinea,Africa,13865691.0,2025-07-28,347.0,55.32692307692308,38572.0,37757.0,2782.0,34.0,468.0,47607.0,660107.0
87,Guinea-Bissau,Africa,2063367.0,2025-07-28,508.0,6.0,9614.0,8929.0,4659.0,86.0,177.0,70385.0,145231.0
88,Guyana,South-America,794045.0,2025-07-28,824.0,55.32692307692308,74137.0,72013.0,93366.0,1637.0,1300.0,923396.0,733218.0
89,Haiti,North-America,11680283.0,2025-07-28,73.0,55.32692307692308,34667.0,33734.0,2968.0,74.0,860.0,11337.0,132422.0
90,Honduras,North-America,10221247.0,2025-07-28,33602.818681318684,55.32692307692308,474590.0,3097055.0276243095,46432.0,1092.0,11165.0,162472.0,1660662.0
91,Hong-Kong,Asia,7604299.0,2025-07-28,6680.0,55.32692307692308,2937609.0,2916005.0,386309.0,1963.0,14924.0,10011143.0,76127725.0
92,Hungary,Europe,9606259.0,2025-07-28,29029.0,55.32692307692308,2230232.0,2152155.0,232164.0,5106.0,49048.0,1186160.0,11394556.0
93,Iceland,Europe,345393.0,2025-07-28,33602.818681318684,55.32692307692308,209906.0,3097055.0276243095,607731.0,663.0,229.0,5780036.0,1996384.0
94,India,Asia,1406631776.0,2025-07-28,33602.818681318684,55.32692307692308,45035393.0,3097055.0276243095,32016.0,379.0,533570.0,665334.0,935879495.0
95,Indonesia,Asia,279134505.0,2025-07-28,20054.0,55.32692307692308,6829221.0,6647104.0,24466.0,581.0,162063.0,408975.0,114158919.0
96,Iran,Asia,86022837.0,2025-07-28,33602.818681318684,55.32692307692308,7627186.0,3097055.0276243095,88665.0,1707.0,146811.0,666338.0,57320267.0
97,Iraq,Asia,42164965.0,2025-07-28,673.0,55.32692307692308,2465545.0,2439497.0,58474.0,602.0,25375.0,463523.0,19544451.0
98,Ireland,Europe,5020199.0,2025-07-28,170.0,19.0,1734582.0,1724921.0,345521.0,1891.0,9491.0,2606161.0,13083449.0
99,Isle-of-Man,Europe,85732.0,2025-07-28,33602.818681318684,55.32692307692308,38008.0,3097055.0276243095,443335.0,1353.0,116.0,1758422.0,150753.0
100,Israel,Asia,9326000.0,2025-07-28,30592.0,55.32692307692308,4841772.0,4798473.0,519169.0,1363.0,12707.0,4436346.0,41373364.0
101,Italy,Europe,60262770.0,2025-07-28,165544.0,22.0,26723249.0,26361218.0,443445.0,3261.0,196487.0,4665010.0,281126449.0
102,Ivory-Coast,Africa,27742298.0,2025-07-28,52.0,55.32692307692308,88384.0,87497.0,3186.0,30.0,835.0,60951.0,1690934.0
103,Jamaica,North-America,2985094.0,2025-07-28,33602.818681318684,55.32692307692308,156869.0,3097055.0276243095,52551.0,1258.0,3756.0,396633.0,1183986.0
104,Japan,Asia,125584838.0,2025-07-28,33602.818681318684,55.32692307692308,33803572.0,3097055.0276243095,269169.0,595.0,74694.0,799578.0,100414883.0
105,Jordan,Asia,10300869.0,2025-07-28,1868.0,59.0,1746997.0,1731007.0,169597.0,1371.0,14122.0,1669945.0,17201885.0
106,Kazakhstan,Asia,19205043.0,2025-07-28,14963.0,24.0,1411831.0,1383020.0,73514.0,721.0,13848.0,602707.0,11575012.0
107,Kenya,Africa,56215221.0,2025-07-28,1132.0,55.32692307692308,344130.0,337309.0,6122.0,101.0,5689.0,70569.0,3967062.0
108,Kiribati,Oceania,123419.0,2025-07-28,2358.0,3.0,5085.0,2703.0,41201.0,194.0,24.0,2155977.8779342724,32988287.854460094
109,Kuwait,Asia,4380326.0,2025-07-28,33602.818681318684,55.32692307692308,667158.0,3097055.0276243095,152308.0,587.0,2570.0,1930391.0,8455743.0
110,Kyrgyzstan,Asia,6728271.0,2025-07-28,7500.0,131.0,206897.0,196406.0,30750.0,445.0,2991.0,283460.0,1907195.0
111,Laos,Asia,7481023.0,2025-07-28,33602.818681318684,55.32692307692308,218970.0,3097055.0276243095,29270.0,101.0,758.0,164845.0,1233207.0
112,Latvia,Europe,1848837.0,2025-07-28,4384.0,55.32692307692308,982505.0,971406.0,531418.0,3632.0,6715.0,4265272.0,7885792.0
113,Lebanon,Asia,6684849.0,2025-07-28,145299.0,74.0,1243838.0,1087587.0,186068.0,1638.0,10952.0,717380.0,4795578.0
114,Lesotho,Africa,2175699.0,2025-07-28,9435.0,55.32692307692308,36138.0,25980.0,16610.0,332.0,723.0,198199.0,431221.0
115,Liberia,Africa,5305117.0,2025-07-28,12.0,2.0,8090.0,7783.0,1525.0,56.0,295.0,26356.0,139824.0
116,Libya,Africa,7040745.0,2025-07-28,2.0,55.32692307692308,507274.0,500835.0,72048.0,914.0,6437.0,352782.0,2483848.0
117,Liechtenstein,Europe,38387.0,2025-07-28,33602.818681318684,55.32692307692308,21574.0,3097055.0276243095,562013.0,2449.0,94.0,2929559.0,112457.0
118,Lithuania,Europe,2661708.0,2025-07-28,431.0,55.32692307692308,1397806.0,1387478.0,525154.0,3718.0,9897.0,3959997.0,10540357.0
119,Luxembourg,Europe,642371.0,2025-07-28,33602.818681318684,55.32692307692308,391232.0,3097055.0276243095,609044.0,1918.0,1232.0,7140959.0,4587145.0
120,Macao,Asia,667490.0,2025-07-28,24063.0,55.32692307692308,27673.0,3487.0,41458.0,184.0,123.0,11760.0,7850.0
121,Madagascar,Africa,29178077.0,2025-07-28,198.0,55.32692307692308,68486.0,66862.0,2347.0,49.0,1426.0,18210.0,531329.0
122,Malawi,Africa,20180839.0,2025-07-28,33602.818681318684,55.32692307692308,89535.0,3097055.0276243095,4437.0,133.0,2686.0,30959.0,624784.0
123,Malaysia,Asia,33181072.0,2025-07-28,7790.0,11.0,5278406.0,5233268.0,159079.0,1126.0,37348.0,2066869.0,68580916.0
124,Maldives,Asia,540985.0,2025-07-28,22691.0,25.0,186694.0,163687.0,345100.0,584.0,316.0,4092223.0,2213831.0
125,Mali,Africa,21473764.0,2025-07-28,89.0,55.32692307692308,33164.0,32332.0,1544.0,35.0,743.0,37483.0,804909.0
126,Malta,Europe,444033.0,2025-07-28,386.0,55.32692307692308,121420.0,120149.0,273448.0,1993.0,885.0,4888375.0,2170600.0
127,Marshall-Islands,Oceania,60057.0,2025-07-28,0.0,55.32692307692308,16138.0,16121.0,268711.0,283.0,17.0,2155977.8779342724,32988287.854460094
128,Martinique,North-America,374087.0,2025-07-28,33602.818681318684,55.32692307692308,230354.0,3097055.0276243095,615777.0,2946.0,1102.0,2215870.0,828928.0
129,Mauritania,Africa,4901981.0,2025-07-28,380.0,55.32692307692308,63848.0,62471.0,13025.0,203.0,997.0,206030.0,1009957.0
130,Mauritius,Africa,1274727.0,2025-07-28,696.0,55.32692307692308,43025.0,41278.0,33752.0,824.0,1051.0,281374.0,358675.0
131,Mayotte,Africa,286259.0,2025-07-28,33602.818681318684,55.32692307692308,42027.0,3097055.0276243095,146815.0,657.0,188.0,618038.0,176919.0
132,Mexico,North-America,131562772.0,2025-07-28,467986.0,55.32692307692308,7702809.0,6899865.0,58549.0,2546.0,334958.0,152124.0,20013810.0
133,Micronesia,Oceania,117489.0,2025-07-28,33602.818681318684,55.32692307692308,26547.0,3097055.0276243095,225953.0,553.0,65.0,701598.0,82430.0
134,Moldova,Europe,4013171.0,2025-07-28,33602.818681318684,55.32692307692308,635145.0,3097055.0276243095,158265.0,3044.0,12218.0,801437.0,3216305.0
135,Monaco,Europe,39783.0,2025-07-28,33602.818681318684,55.32692307692308,17181.0,3097055.0276243095,431868.0,1684.0,67.0,1976875.0,78646.0
136,Mongolia,Asia,3378078.0,2025-07-28,0.0,55.32692307692308,1011496.0,1009212.0,299429.0,676.0,2284.0,1193000.0,4030048.0
137,Montenegro,Europe,627950.0,2025-07-28,1902.0,55.32692307692308,296542.0,291794.0,472238.0,4532.0,2846.0,4410034.0,2769281.0
138,Montserrat,North-America,4965.0,2025-07-28,19.0,55.32692307692308,1403.0,1376.0,282578.0,1611.0,8.0,3577442.0,17762.0
139,Morocco,Africa,37772756.0,2025-07-28,33602.818681318684,55.32692307692308,1278992.0,3097055.0276243095,33860.0,432.0,16303.0,344191.0,13001033.0
140,Mozambique,Africa,33089461.0,2025-07-28,2676.0,11.0,233731.0,228805.0,7064.0,68.0,2250.0,41437.0,1371127.0
142,Myanmar,Asia,55227143.0,2025-07-28,2219.0,55.32692307692308,641873.0,620159.0,11622.0,353.0,19495.0,212061.0,11711514.0
143,Namibia,Africa,2633874.0,2025-07-28,1184.0,55.32692307692308,172389.0,167099.0,65451.0,1559.0,4106.0,403460.0,1062663.0
144,Nauru,Oceania,10903.0,2025-07-28,45.0,55.32692307692308,5393.0,5347.0,494635.0,92.0,1.0,1881042.0,20509.0
145,Nepal,Asia,30225582.0,2025-07-28,97.0,55.32692307692308,1003450.0,991322.0,33199.0,398.0,12031.0,200088.0,6047766.0
146,Netherlands,Europe,17211447.0,2025-07-28,195.0,55.32692307692308,8635786.0,8612599.0,501747.0,1336.0,22992.0,1509718.0,25984435.0
147,New-Caledonia,Oceania,290915.0,2025-07-28,33602.818681318684,55.32692307692308,80064.0,3097055.0276243095,275214.0,1079.0,314.0,340182.0,98964.0
148,New-Zealand,Oceania,4898203.0,2025-07-28,1623.0,55.32692307692308,2621111.0,2613791.0,535117.0,1163.0,5697.0,1586011.0,7768604.0
149,Nicaragua,North-America,6779100.0,2025-07-28,14041.0,55.32692307692308,18491.0,4225.0,2728.0,33.0,225.0,2155977.8779342724,32988287.854460094
150,Niger,Africa,26083660.0,2025-07-28,729.0,1.0,9931.0,8890.0,381.0,12.0,312.0,9759.0,254538.0
151,Nigeria,Africa,216746934.0,2025-07-28,4080.0,11.0,267188.0,259953.0,1233.0,15.0,3155.0,26339.0,5708974.0
152,Niue,Oceania,1622.0,2025-07-28,3.0,55.32692307692308,1059.0,1056.0,652898.0,1277.3482142857142,31297.616071428572,2155977.8779342724,32988287.854460094
153,North-Macedonia,Europe,2081304.0,2025-07-28,3523.0,55.32692307692308,350567.0,337068.0,168436.0,4793.0,9976.0,1069626.0,2226216.0
154,Norway,Europe,5511370.0,2025-07-28,0.0,55.32692307692308,1509732.0,1503094.0,273930.0,1204.0,6638.0,1996315.0,11002430.0
155,Oman,Asia,5323993.0,2025-07-28,33602.818681318684,55.32692307692308,399449.0,3097055.0276243095,75028.0,869.0,4628.0,4695724.0,25000000.0
156,Pakistan,Asia,229488994.0,2025-07-28,12583.0,55.32692307692308,1581936.0,1538689.0,6893.0,134.0,30664.0,133292.0,30589153.0
157,Palau,Oceania,18233.0,2025-07-28,4.0,55.32692307692308,6290.0,6276.0,344979.0,548.0,10.0,3917841.0,71434.0
158,Palestine,Asia,5345541.0,2025-07-28,159.0,55.32692307692308,621008.0,615445.0,116173.0,1011.0,5404.0,575907.0,3078533.0
159,Panama,North-America,4446964.0,2025-07-28,64.0,16.0,1059893.0,1051102.0,238341.0,1962.0,8727.0,1772585.0,7882622.0
160,Papua-New-Guinea,Oceania,9292169.0,2025-07-28,26.0,55.32692307692308,46864.0,46168.0,5043.0,72.0,670.0,26813.0,249149.0
161,Paraguay,South-America,7305843.0,2025-07-28,33602.818681318684,55.32692307692308,837602.0,3097055.0276243095,114648.0,2759.0,20155.0,363751.0,2657506.0
162,Peru,South-America,33684208.0,2025-07-28,0.0,4.0,4572667.0,4350506.0,135751.0,6595.0,222161.0,1158115.0,39010194.0
163,Philippines,Asia,112508994.0,2025-07-28,6138.0,55.32692307692308,4140383.0,4067381.0,36800.0,594.0,66864.0,320888.0,36102746.0
164,Poland,Europe,37739785.0,2025-07-28,33602.818681318684,55.32692307692308,6661991.0,3097055.0276243095,176524.0,3196.0,120598.0,1041970.0,39323709.0
165,Portugal,Europe,10140570.0,2025-07-28,127.0,61.0,5643062.0,5614809.0,556484.0,2774.0,28126.0,4549993.0,46139518.0
166,Qatar,Asia,2979915.0,2025-07-28,147.0,16.0,514524.0,513687.0,172664.0,232.0,690.0,1364257.0,4065369.0
167,R&eacute;union,Africa,908061.0,2025-07-28,33602.818681318684,55.32692307692308,494595.0,3097055.0276243095,544672.0,1014.0,921.0,1766027.0,1603660.0
168,Romania,Europe,19031335.0,2025-07-28,657.0,21.0,3529735.0,3460149.0,185470.0,3622.0,68929.0,1511122.0,28758667.0
169,Russia,Europe,145805947.0,2025-07-28,175641.0,55.32692307692308,24124215.0,23545818.0,165454.0,2762.0,402756.0,1875095.0,273400000.0
170,Rwanda,Africa,13600464.0,2025-07-28,11.0,55.32692307692308,133518.0,132039.0,9817.0,108.0,1468.0,442778.0,6021981.0
171,S-Korea,Asia,51329899.0,2025-07-28,0.0,55.32692307692308,34571873.0,34535939.0,673523.0,700.0,35934.0,307892.0,15804065.0
172,Saint-Helena,Africa,6115.0,2025-07-28,2164.0,55.32692307692308,2166.0,2.0,354211.0,1277.3482142857142,31297.616071428572,2155977.8779342724,32988287.854460094
173,Saint-Kitts-and-Nevis,North-America,53871.0,2025-07-28,0.0,55.32692307692308,6607.0,6559.0,122645.0,891.0,48.0,2356704.0,126958.0
174,Saint-Lucia,North-America,185113.0,2025-07-28,0.0,55.32692307692308,30215.0,29805.0,163225.0,2215.0,410.0,1139752.0,210983.0
175,Saint-Martin,North-America,39730.0,2025-07-28,33602.818681318684,55.32692307692308,12324.0,3097055.0276243095,310194.0,1586.0,63.0,2828643.0,112382.0
176,Saint-Pierre-Miquelon,North-America,5759.0,2025-07-28,1001.0,55.32692307692308,3452.0,2449.0,599410.0,347.0,2.0,4410488.0,25400.0
177,Samoa,Oceania,202239.0,2025-07-28,15370.0,55.32692307692308,17006.0,1605.0,84089.0,153.0,31.0,926612.0,187397.0
178,San-Marino,Europe,34085.0,2025-07-28,46.0,55.32692307692308,26185.0,26011.0,768226.0,3755.0,128.0,5775414.0,196855.0
179,Sao-Tome-and-Principe,Africa,227679.0,2025-07-28,13.0,55.32692307692308,6778.0,6685.0,29770.0,351.0,80.0,130008.0,29600.0
180,Saudi-Arabia,Asia,35844909.0,2025-07-28,33602.818681318684,55.32692307692308,841469.0,3097055.0276243095,23475.0,269.0,9646.0,1268848.0,45481735.0
181,Senegal,Africa,17653671.0,2025-07-28,58.0,55.32692307692308,89053.0,87024.0,5044.0,112.0,1971.0,64946.0,1146543.0
182,Serbia,Europe,8653016.0,2025-07-28,389.0,55.32692307692308,2615054.0,2596608.0,302213.0,2087.0,18057.0,1555958.0,13463733.0
183,Seychelles,Africa,99426.0,2025-07-28,0.0,55.32692307692308,51220.0,51048.0,515157.0,1730.0,172.0,2155977.8779342724,32988287.854460094
184,Sierra-Leone,Africa,8306436.0,2025-07-28,33602.818681318684,55.32692307692308,7779.0,3097055.0276243095,937.0,15.0,126.0,31296.0,259958.0
185,Singapore,Asia,5943546.0,2025-07-28,0.0,4.0,3006155.0,3004131.0,505785.0,341.0,2024.0,4165302.0,24756666.0
186,Sint-Maarten,North-America,43966.0,2025-07-28,54.0,55.32692307692308,11051.0,10905.0,251353.0,2093.0,92.0,1411454.0,62056.0
187,Slovakia,Europe,5460193.0,2025-07-28,0.0,23.0,1877605.0,1856381.0,343872.0,3887.0,21224.0,1364199.0,7448789.0
188,Slovenia,Europe,2078034.0,2025-07-28,22.0,55.32692307692308,1356546.0,1349424.0,652803.0,3417.0,7100.0,1370382.0,2847701.0
189,Solomon-Islands,Oceania,721159.0,2025-07-28,33602.818681318684,55.32692307692308,25954.0,3097055.0276243095,35989.0,276.0,199.0,2155977.8779342724,32988287.854460094
190,Somalia,Africa,16841795.0,2025-07-28,12791.0,55.32692307692308,27334.0,13182.0,1623.0,81.0,1361.0,23778.0,400466.0
191,South-Africa,Africa,60756135.0,2025-07-28,61362.0,192.0,4076463.0,3912506.0,67095.0,1689.0,102595.0,441027.0,26795090.0
192,South-Sudan,Africa,11618511.0,2025-07-28,557.0,1.0,18819.0,18115.0,1620.0,13.0,147.0,35313.0,410280.0
193,Spain,Europe,46719142.0,2025-07-28,30634.0,231.0,13914811.0,13762417.0,297840.0,2606.0,121760.0,10082298.0,471036328.0
194,Sri-Lanka,Asia,21575842.0,2025-07-28,5.0,55.32692307692308,672754.0,655852.0,31181.0,783.0,16897.0,300619.0,6486117.0
195,St-Barth,North-America,9945.0,2025-07-28,33602.818681318684,55.32692307692308,5507.0,3097055.0276243095,553746.0,603.0,6.0,7908095.0,78646.0
196,St-Vincent-Grenadines,North-America,111551.0,2025-07-28,57.0,55.32692307692308,9674.0,9493.0,86723.0,1112.0,124.0,1023720.0,114197.0
197,Sudan,Africa,45992020.0,2025-07-28,0.0,55.32692307692308,63993.0,58947.0,1391.0,110.0,5046.0,12240.0,562941.0
198,Suriname,South-America,596831.0,2025-07-28,33602.818681318684,55.32692307692308,82588.0,3097055.0276243095,138378.0,2359.0,1408.0,405822.0,242207.0
199,Sweden,Europe,10218971.0,2025-07-28,230.0,55.32692307692308,2754129.0,2726492.0,269511.0,2682.0,27407.0,1908301.0,19500873.0
200,Switzerland,Europe,8773637.0,2025-07-28,292.0,55.32692307692308,4453053.0,4438309.0,507549.0,1647.0,14452.0,2716487.0,23833472.0
201,Syria,Asia,19364809.0,2025-07-28,0.0,55.32692307692308,57743.0,54578.0,2982.0,163.0,3165.0,7553.0,146269.0
202,Taiwan,Asia,23888595.0,2025-07-28,0.0,55.32692307692308,10241523.0,10222518.0,428720.0,796.0,19005.0,1286903.0,30742304.0
203,Tajikistan,Asia,9957464.0,2025-07-28,397.0,55.32692307692308,17786.0,17264.0,1786.0,13.0,125.0,2155977.8779342724,32988287.854460094
204,Tanzania,Africa,63298550.0,2025-07-28,33602.818681318684,55.32692307692308,43223.0,3097055.0276243095,683.0,13.0,846.0,2155977.8779342724,32988287.854460094
205,Thailand,Asia,70078203.0,2025-07-28,42927.0,55.32692307692308,4770149.0,4692636.0,68069.0,494.0,34586.0,246488.0,17273454.0
206,Timor-Leste,Asia,1369429.0,2025-07-28,220.0,55.32692307692308,23460.0,23102.0,17131.0,101.0,138.0,203391.0,278529.0
207,Togo,Africa,8680837.0,2025-07-28,1.0,55.32692307692308,39572.0,39281.0,4559.0,33.0,290.0,93908.0,815204.0
208,Tokelau,Oceania,1378.0,2025-07-28,80.0,55.32692307692308,80.0,3097055.0276243095,58055.0,1277.3482142857142,31297.616071428572,2155977.8779342724,32988287.854460094
209,Tonga,Oceania,107749.0,2025-07-28,1299.0,55.32692307692308,16950.0,15638.0,157310.0,121.0,13.0,4965327.0,535009.0
210,Trinidad-and-Tobago,North-America,1406585.0,2025-07-28,28.0,55.32692307692308,191496.0,187078.0,136143.0,3121.0,4390.0,649295.0,913289.0
211,Tunisia,Africa,12046656.0,2025-07-28,33602.818681318684,55.32692307692308,1153361.0,3097055.0276243095,95741.0,2442.0,29423.0,416164.0,5013383.0
212,Turkey,Asia,85561976.0,2025-07-28,33602.818681318684,55.32692307692308,17232066.0,3097055.0276243095,201399.0,1194.0,102174.0,1902052.0,162743369.0
213,Turks-and-Caicos,North-America,39741.0,2025-07-28,3.0,4.0,6752.0,6709.0,169900.0,1007.0,40.0,15520193.0,616788.0
214,Tuvalu,Oceania,12066.0,2025-07-28,33602.818681318684,55.32692307692308,2943.0,3097055.0276243095,243909.0,83.0,1.0,2155977.8779342724,32988287.854460094
215,UAE,Asia,10081785.0,2025-07-28,33602.818681318684,55.32692307692308,1067030.0,3097055.0276243095,105837.0,233.0,2349.0,19910389.0,200732262.0
216,Uganda,Africa,48432863.0,2025-07-28,68086.0,55.32692307692308,172149.0,100431.0,3554.0,75.0,3632.0,62198.0,3012408.0
217,UK,Europe,68497907.0,2025-07-28,0.0,55.32692307692308,24910387.0,24678275.0,363666.0,3389.0,232112.0,7628357.0,522526476.0
218,Ukraine,Europe,43192122.0,2025-07-28,0.0,55.32692307692308,5557995.0,5445577.0,128681.0,2603.0,112418.0,754855.0,32603805.0
219,Uruguay,South-America,3496016.0,2025-07-28,2503.0,18.0,1041111.0,1030944.0,297799.0,2192.0,7664.0,1749083.0,6114822.0
220,USA,North-America,334805269.0,2025-07-28,786167.0,940.0,111820082.0,109814428.0,333985.0,3642.0,1219487.0,3544901.0,1186851502.0
221,Uzbekistan,Asia,34382084.0,2025-07-28,10539.0,23.0,253662.0,241486.0,7378.0,48.0,1637.0,40077.0,1377915.0
222,Vanuatu,Oceania,321832.0,2025-07-28,29.0,55.32692307692308,12019.0,11976.0,37346.0,44.0,14.0,77606.0,24976.0
223,Vatican-City,Europe,799.0,2025-07-28,0.0,55.32692307692308,29.0,29.0,36295.0,1277.3482142857142,31297.616071428572,2155977.8779342724,32988287.854460094
224,Venezuela,South-America,29266991.0,2025-07-28,302.0,31.0,552695.0,546537.0,18885.0,200.0,5856.0,114771.0,3359014.0
225,Vietnam,Asia,98953541.0,2025-07-28,941018.0,55.32692307692308,11625195.0,10640971.0,117481.0,437.0,43206.0,867342.0,85826548.0
226,Wallis-and-Futuna,Oceania,10982.0,2025-07-28,3104.0,55.32692307692308,3550.0,438.0,323256.0,728.0,8.0,1867419.0,20508.0
227,Western-Sahara,Africa,626161.0,2025-07-28,0.0,55.32692307692308,10.0,9.0,16.0,2.0,1.0,2155977.8779342724,32988287.854460094
228,Yemen,Asia,31154867.0,2025-07-28,662.0,55.32692307692308,11945.0,9124.0,383.0,69.0,2159.0,10579.0,329592.0
229,Zambia,Africa,19470234.0,2025-07-28,3919.0,55.32692307692308,349304.0,341316.0,17940.0,209.0,4069.0,211244.0,4112961.0
230,Zimbabwe,Africa,15331428.0,2025-07-28,1731.0,12.0,266359.0,258888.0,17373.0,374.0,5740.0,164744.0,2525756.0
